name,discipline
ABAEVA Elena,Wrestling
ABBAR Bachir,Boxing
ABDELLATIF Makfouni,Boxing
ABE Miya,Beach Volleyball
ACIGA FULA Antonio Stephen,Boxing
AEBA Kazue,Volleyball
AGNIESZKA Myszkowska,Beach Volleyball
AHADPOUR Raheleh,Beach Volleyball
AHLERING Julie,Diving
AKASE Hiroyuki,Volleyball
AKASHI Naoki,Volleyball
AKHMETOV Meirambek,Wrestling
AL ALAWI Abdul Monem Khamis Abddul,Diving
AL ALAWI Abdul Monem Khamis Abddul,Water Polo
AL DEGAITHER Nasser,Diving
AL MARRI Abdulla,Football
ALEXANDRESCU Adrian,Water Polo
ALKALAF Mohammad,Football
ALONSO Maribel,Equestrian
ALPAIDZE Viktoriia,Handball
ALROALLE Ahmad,Football
ALROUSI Hamid,Volleyball
ALSAFFAR Bashar,Diving
ALSAFFAR Bashar,Water Polo
ALVES Edina,Football
AMANO Akiko,Judo
AMAWI Adam,Taekwondo
AMBOYA Monica,Football
ANCO BOBADILLA Miguel,Boxing
ARAI Yuji,Beach Volleyball
ARAYA Raul Jose,Diving
ARAYA Raul Jose,Water Polo
ARBLASTER Ryan,Diving
ARBLASTER Ryan,Water Polo
ARENA Renato,Volleyball
ARIMURA Kumiko,Volleyball
ASADA Masako,Diving
ASAI Tadayoshi,Volleyball
ASHOUR Mahmoud,Football
ATKINS Kyle,Football
AVASILOAE Florin,Diving
AXTELIUS Peter,Diving
AZMY Mohamed,Taekwondo
AZORIN Daniel,Diving
AZZOUG Mohamed,Judo
BABANLI Anar,Boxing
BABIUC Ioana,Judo
BACK Neuza,Football
BAKE Giovanni,Beach Volleyball
BALDE Alpha Amadou,Boxing
BALFANBAYEV Alan,Diving
BAPTISTA Luis,Diving
BAPTISTA Luis,Water Polo
BARBOSA Rui,Football
BARGAILA Deividas,Wrestling
BARRIENTOS MARTINEZ Alejandro,Boxing
BARTON Ivan,Football
BASHEV Mihail,Handball
BATAILLE Matthieu,Judo
BAZULIN Aleksei,Wrestling
BEATH Chris,Football
BEATIE Brig,Beach Volleyball
BEBIC Milivoj,Diving
BECK Melanie,Diving
BECK Melanie,Water Polo
BEECH Paul,Diving
BEIDA Dahane,Football
BEKPENBETOV Bakytzhan,Boxing
BELKHIRI Youcef,Handball
BENGISUN Gonenc,Beach Volleyball
BENGISUN Gonenc,Volleyball
BENNETT John,Beach Volleyball
BEREZKINA Tatiana,Handball
BESMI Mohamed,Boxing
BILBAO Maria,Diving
BILBAO Maria,Water Polo
BILETSKYI Igor,Boxing
BIN JAHARI Muhammad,Football
BIRD Daphne,Diving
BIRD Daphne,Water Polo
BLANCO Mary,Football
BOCK Stephen,Beach Volleyball
BOELAERT Federico,Basketball
BOGOMILOVA Tanya,Diving
BOGOMILOVA Tanya,Water Polo
BONAVENTURA Charlotte,Handball
BONAVENTURA Julie,Handball
BORJANOVIC Borislav,Wrestling
BORJAS Melissa,Football
BOUAZIZ Youssef,Wrestling
BOUDAYA Taoufik,Volleyball
BOUDOUA Mahmoud,Boxing
BOUDREAU Chantal,Football
BOUHEDDOU Mohamed,Judo
BOYD DIAZ Susana,Taekwondo
BOYD Kevin,Diving
BOYD Kevin,Water Polo
BOZONO Makoto,Football
BRAHAM Mohamed,Boxing
BRENSCHEIDT Wolfgang,Basketball
BROCHERO Monica,Diving
BROOKER Eric,Diving
BROOKER Eric,Water Polo
BROOKER Gillian,Diving
BRUNNER Arthur,Handball
BRUSNIKINA Olga,Diving
BRUSNIKINA Olga,Water Polo
BTGEN Abdulkadir,Football
BUCH Xevi,Water Polo
BURTON Nick,Equestrian
BUTLER Deanne,Basketball
CALDERON RODRIGUEZ Felix,Diving
CALDERON RODRIGUEZ Felix,Water Polo
CAMACHO Raul,Judo
CAMERON Don,Diving
CAMPBELL Beau,Boxing
CARREL Larry,Volleyball
CARVALHO Rui,Beach Volleyball
CASAMIQUELA Hernan,Volleyball
CASANOVA Jose,Beach Volleyball
CASSIDY Sid,Diving
CASSIDY Sid,Water Polo
CASTILLO Cesar,Handball
CASTRO Antonio,Judo
CAUDILLO Enedina,Football
CAULFIELD Andrew,Boxing
CESPEDES Denny,Volleyball
CHAVEZ Mayte,Football
CHEN Ruolin,Diving
CHEN Ruolin,Water Polo
CHENG Jeremy,Water Polo
CHERUIYOT Gilbert,Football
CHIBA Yuji,Wrestling
CHIRIFF FABRA Diego,Taekwondo
CHISARI Francesco,Taekwondo
CHISHINA Yoichi,Judo
CHO Jung Sook,Boxing
CHOUCHA Ksenia,Taekwondo
CHRISTIE Helen,Equestrian
CHRISTOU Danae,Diving
CHRISTOU Danae,Water Polo
CHURCH Amber,Hockey
CHYURLIA Pasquale,Judo
CHYURLIA Roberta,Judo
CITO Angelo,Taekwondo
CLAPHAM Richard,Equestrian
COBZAC Ramona Manuela,Boxing
COLLADOS Fabrice,Volleyball
CONGER Matt,Football
CRESCENTINI Davide,Beach Volleyball
CRKVENAC Renata,Taekwondo
CROES Esther,Diving
CROES Esther,Water Polo
CROWLEY Nadine,Basketball
CRUZ Orlando,Judo
CSOSZ Imre,Judo
CUADRA Guillermo,Football
CUNHA Andres,Football
D GAMA Leonardo Daniel Oliver,Boxing
da SILVA Fatima,Basketball
DAHLE Geir,Beach Volleyball
DAMIENS Serge,Wrestling
DANERS CHAO Daniel Federico,Water Polo
de ALMEIDA Mariana,Football
de la FUENTE Carolina,Hockey
de RENZIS Laura,Diving
de RENZIS Laura,Water Polo
DEDIEU Virginie,Diving
DEDIEU Virginie,Water Polo
DELFORGE Laurine,Hockey
DERVIEUX Sebastien,Water Polo
DESLIERES Marie-Claude,Water Polo
di GRAZIA Derek,Equestrian
DIAS Artur,Football
DIBIASI Klaus,Water Polo
DJIMBI Jean Claude,Judo
DJLASSI Anouer,Taekwondo
DOBA Yoshihisa,Judo
DOI Katsuya,Wrestling
DOKMANAC Slaven,Wrestling
dos SANTOS Mariano,Judo
DOZSA Edit,Wrestling
DR. MOLNAR Tamas,Diving
DRAGIN Dejan,Wrestling
DRAKICH Ed,Beach Volleyball
DROSGHIC MENDOZA Luis,Taekwondo
EL HILALI Driss,Taekwondo
ELFATH Ismail,Football
ELSAIED Heidy,Handball
ELSAIED Yasmina,Handball
ENDO Harue,Volleyball
ESHITA Takeshi,Volleyball
ETO Yukie,Volleyball
EVERAERT Michel,Beach Volleyball
FANCHETTE Paul,Diving
FANCHETTE Paul,Water Polo
FANDO Artur,Judo
FAYZULLAEVA Elmira,Diving
FAYZULLAEVA Elmira,Water Polo
FEOKTISTOV Eduard,Diving
FERNANDEZ Erika,Equestrian
FERRO Mario,Beach Volleyball
FISCHER Angelika,Boxing
FISCHER Matthias,Judo
FLORESCU Victor,Judo
FLORESTANO Natacha,Water Polo
FONSECA Ricardo,Handball
FORD Bill,Diving
FORD Bill,Water Polo
FORE Liselotte,Equestrian
FORTUNATO Laura,Football
FOY Janet,Equestrian
FRANZEN Rudiger,Beach Volleyball
FRAPPART Stephanie,Football
FRASER Lindsey Ann,Diving
FRATINI Elisabetta,Judo
FRIDRICH Annamaria,Judo
FU Ming,Football
FUJII Yuki,Volleyball
FUJIMOTO Seiji,Boxing
FUJITA Hiroki,Beach Volleyball
FUKUCHI Kenshiro,Judo
FUKUDA Takamasa,Beach Volleyball
FUKUOKA Yoshiteru,Beach Volleyball
FUKUSHIMA Ryoichi,Handball
FURUKAWA Hideki,Handball
FURUSATO Airi,Wrestling
FURUTA Norimi,Volleyball
FYRIGOU CONSOLO Georgia,Diving
FYRIGOU CONSOLO Georgia,Water Polo
GAJA Masaaki,Beach Volleyball
GALLO Nicolas,Football
GARCIA Carlos,Wrestling
GARCIA Everardo,Judo
GARCIA Mariana,Handball
GARDNER Andrew,Equestrian
GEILFUS Joachim,Equestrian
GERRARD David,Diving
GERRARD David,Water Polo
GIBBS Martin,Equestrian
GIDDENS Maggie,Hockey
GOLDENBERG Michael,Water Polo
GOLOVAN Anatoliy,Diving
GOLUBIC Jasna,Taekwondo
GOMES Victor,Football
GOMEZ Monica,Equestrian
GONCALVES Eduardo,Wrestling
GONTGEN Benjamin,Hockey
GONZALEZ CANCINO Dania,Taekwondo
GONZALEZ Leodan,Football
GOTO Tomoko,Handball
GOYA Kazuki,Beach Volleyball
GRBIC Vladi,Volleyball
GREETHAM Sam,Diving
GREETHAM Sam,Water Polo
GRINFEELD Orel,Football
GROCHAL Marcin,Hockey
GUBICA Matija,Handball
GUIDA Marco,Football
GULAMOV Tokhir,Wrestling
GUO Jingjing,Diving
GUO Jingjing,Water Polo
GUT la RAGIONE Livia,Diving
GUT la RAGIONE Livia,Water Polo
GYARMATI Ferenc,Wrestling
GYOTEN Takeshi,Beach Volleyball
HALANDA Lubor,Volleyball
HALAWA Sherif,Wrestling
HAMADA Hirokazu,Handball
HAMANO Yoichi,Beach Volleyball
HAMIDI Sid Ali,Handball
HAMLIN Jane,Equestrian
HANSEN Mads,Handball
HARA Yoshihiko,Wrestling
HASSAN Mohamed,Diving
HASSAN Roy,Football
HATANO Yohsuke,Beach Volleyball
HATAOKA Hisashi,Diving
HAYASHI Junichi,Volleyball
HERNEK Maria,Equestrian
HIGUCHI Satoshi,Handball
HIMENO Masayuki,Volleyball
HIRAHARA Mitsuo,Taekwondo
HIRAIZUMI Jun,Volleyball
HIRAYAMA Kazuya,Equestrian
HIRAYAMA Noriaki,Boxing
HIZAKI Kiyoshi,Handball
HOBERG Oliver,Equestrian
HOEPELMAN Ilja,Diving
HOEPPE Fabien,Basketball
HOEVENAARS Susan,Equestrian
HOMMA Miwako,Diving
HOMMA Miwako,Water Polo
HONDA Tsutomu,Taekwondo
HORACEK Vaclav,Handball
HORIE Koji,Volleyball
HORII Emiko,Volleyball
HOSAKA Kazuya,Wrestling
HUCKINS Lesley,Diving
HUCKINS Lesley,Water Polo
HUDSON Kelly,Hockey
HUET Michel,Judo
HUFFMAN Colleen,Diving
HUFFMAN Colleen,Water Polo
HUNT David,Equestrian
HUNT Patrick,Basketball
HUNTER Craig,Diving
HUNTER Craig,Water Polo
HYUN Sook Hee,Judo
IBERN Manuel,Diving
IBRAHIM Mohammed,Football
ICHIHASHI Toshiyuki,Wrestling
ICHIMURA Shiro,Handball
IDRIS Yasser Mohamed Ibrahim,Diving
IJICHI Ken,Diving
IKEBUCHI Tomokazu,Handball
IMAIZUMI Seisuke,Wrestling
IMAIZUMI Takayuki,Beach Volleyball
IMANO Katsuya,Handball
IMURA Koji,Volleyball
INOUE Takeshi,Diving
ISHIDA Keizo,Handball
ISHIHARA Norikazu,Taekwondo
ISHIMOTO Masashi,Judo
ISHIYAMA Takahide,Judo
ISLEY Nelson,Basketball
ISMAEL Hadi,Wrestling
ITO Natsumi,Volleyball
IVANOVSKI Stanko,Water Polo
IVERSEN Jens-Christian,Diving
IVERSEN Jens-Christian,Water Polo
IWAMURA Hide,Judo
IWATA Chie,Judo
IZAWA Jun,Beach Volleyball
JACEWICZ Kate,Football
JASONTEK Ginny,Diving
JASONTEK Ginny,Water Polo
JENKINS Conrad,Taekwondo
JIGEN Masahiro,Volleyball
JIMENEZ CALDERON Cecilia,Taekwondo
JOHNSON Nicola,Water Polo
JOUBERT Michelle,Hockey
JOVANOVIC Srdjan,Football
JULIAN JR Samuel,Wrestling
JULIEN Chantal,Basketball
JUMANIYAZOV Bahodir,Boxing
JUNGEBRAND Carl,Basketball
JURISEVIC Edvin,Football
KABAKOV Georgi,Football
KADONO Makoto,Taekwondo
KAEDE Junichiro,Volleyball
KAMAGA Takahiro,Handball
KAMOHARA Koichi,Judo
KANEHIRO Yusuke,Volleyball
KANEI Masanori,Wrestling
KANG Joo-Hee,Volleyball
KARINKANTA Veli-Matti,Judo
KASHIWAGI Katsunori,Boxing
KATO Tsubasa,Volleyball
KATSUMATA Reiko,Volleyball
KATSUMATA Teizo,Volleyball
KAVAKLIEVA Mariya,Boxing
KAWABATA Yuki,Handball
KAWAGUCHI Takao,Judo
KAWAI Kaori,Beach Volleyball
KAWAMURA Rikuya,Handball
KAZAMA Sho,Beach Volleyball
KEARNS Adam,Hockey
KELEMEN v.d. KONIJNENBURG Ildiko,Diving
KELEMEN van de KONIJNENBU Ildiko,Water Polo
KEMAN Wim,Diving
KESSLER Alise,Volleyball
KHAZHEMPA Siarhei,Diving
KHAZHEMPA Siarhei,Water Polo
KHEGAY Andrey,Taekwondo
KHORASSANDJIAN Daniel,Taekwondo
KIKUCHI Tomoo,Handball
KIM Byung Hee,Taekwondo
KIM Kyoung Min,Football
KIM Song Chul,Taekwondo
KIM Yongsung,Taekwondo
KIMURA Hiroyuki,Football
KIMURA Satoshi,Handball
KINOSHITA Asuka,Taekwondo
KIRIYAMA Masami,Volleyball
KITAMURA Yuka,Volleyball
KITASAKA Hideki,Handball
KLINGSPOR Christina,Equestrian
KLOPPERS Mary,Diving
KLOPPERS Mary,Water Polo
KOGANOV Mark,Diving
KOIKE Kuninori,Wrestling
KOIKE Masahiko,Judo
KOMATA Takahiro,Handball
KONICKX Louis,Equestrian
KOO Bonok,Handball
KOPKE Susann,Boxing
KOSAKA Yoshiyuki,Judo
KOSUGI Daiki,Volleyball
KOTLEBA Lubomir,Basketball
KOVALENKO Sergei,Wrestling
KOYAMA Masaaki,Beach Volleyball
KOZOMPOLI Stavroula,Diving
KRAFT Heike,Volleyball
KRICHEN Samir,Handball
KRIVOKAPIC Milorad,Diving
KUBOTA Shinya,Wrestling
KUENG Susanne,Football
KUMAR Ashok,Wrestling
KUN Gyorgy,Water Polo
KUN Igor,Judo
KURISAKI Shintaro,Beach Volleyball
KUROCHKINA Ekaterina,Football
KURODA Ken,Diving
KURODA Mieko,Diving
KUROIWA Takeshi,Beach Volleyball
KURTAGIC Mirza,Handball
KUWABARA Takeshi,Taekwondo
KUWADA Yusei,Handball
KWIMBIRA Bernadettar,Football
LAH Bojan,Handball
LAKRINDIS George,Football
LATIMER Simon James,Diving
LATIMER Simon James,Water Polo
LAUKKANEN Anna,Boxing
LEBKOWSKI Karol,Wrestling
LEBLANC Louise,Diving
LEBLANC Louise,Water Polo
LEE Jeng Yen,Taekwondo
LEE Jiwoo,Wrestling
LEE Seok,Handball
LEE Seul Gi,Football
LEE William,Diving
LEVAI Ksenija,Taekwondo
LIAKOS Christos,Wrestling
LIANG Yuan,Boxing
LICINA Miodrag,Basketball
LIGAY Igor,Wrestling
LIM Hong Zhen,Hockey
LINDBERG Mathz,Diving
LINDBERG Mathz,Water Polo
LIU Jiang,Volleyball
LIU Xiaoying,Hockey
LIU Yan,Diving
LIU Yan,Water Polo
LUGOSSY Norbert,Basketball
LUIS Mireya,Volleyball
MAAFI Ziad,Judo
MACDIARMADA Diarmuid,Boxing
MACIAS Luis Gerardo,Volleyball
MACKENZIE-HALL Neil,Equestrian
MADDEN Martin,Hockey
MADSEN Jesper,Handball
MADU Ndidi,Football
MAGNUSSON Christer,Diving
MAGNUSSON Christer,Water Polo
MAIER Yuri,Wrestling
MAKASINI Tevita,Football
MAKHADMEH Adham,Football
MAKHLOUF Samir,Handball
MAKSHANOV Evgeny,Volleyball
MANSSON Jan-Anders,Diving
MANSSON Jan-Anders,Water Polo
MANZ Uwe,Wrestling
MARENGULE Arsenio,Football
MARES Simon,Judo
MARGARITOV Martin,Football
MARGOLIN Alexandr,Water Polo
MARKOV Milen,Wrestling
MAROSZEK Wojciech,Volleyball
MARTINS Tiago,Football
MARUYAMA Hiroyuki,Volleyball
MARUYAMA Yoshinari,Handball
MASAOKA Suguru,Volleyball
MASUDA Masashi,Wrestling
MASUZAWA Kazumasa,Boxing
MATSUI Isao,Judo
MATSUMOTO Keita,Handball
MATSUNO Terumi,Diving
MATSUOKA Keiichi,Judo
MATTHIESEN Hans-Christian,Equestrian
Mc CLEAN Ayanna,Hockey
MEISTER Michelle,Hockey
MEJZLIK Jakub,Hockey
MENCHAOUI Hichem,Boxing
MERIAUX Mathieu,Volleyball
MERKELY Bela Peter,Diving
MERKELY Bela Peter,Water Polo
MEZIANI Nadira,Taekwondo
MIHAJLOVIC Milan,Football
MILAN PONCE Juan Ramon,Boxing
MILCZAREK Slawomir,Boxing
MILLER Jim,Diving
MILLER Jim,Water Polo
MILLOT Benoit,Football
MILOSEVIC Boris,Handball
MIN Suckhong,Diving
MIRANDA Erick,Football
MIWA Kimimasa,Beach Volleyball
MIYAGAWA Fumiko,Beach Volleyball
MIYAMOTO Masafumi,Handball
MIZA Tsukasa,Volleyball
MIZUMA Emi,Volleyball
MOCHIZUKI Akihiko,Beach Volleyball
MOHAMMED  Mushtaque,Volleyball
MOKRETARI Sidali,Boxing
MOKRY Juraj,Volleyball
MOLLER German,Water Polo
MOLNAR Szabolcs,Wrestling
MONTEIRO Avelino,Diving
MONTEIRO Avelino,Water Polo
MONTES de OCA German,Hockey
MONZUL Kateryna,Football
MORADI SHAHPAR Farhad,Diving
MORADI SHAHPAR Farhad,Water Polo
MORAN David,Football
MORAS Amely,Taekwondo
MORENO Tulio,Football
MORI Ken,Taekwondo
MORIMOTO Junichiro,Beach Volleyball
MORISHITA Takafumi,Handball
MORIYAMA Mariko,Volleyball
MORRISON Kim,Equestrian
MOSALAEIPOUR Mohammad,Wrestling
MOTODAHARA Akira,Wrestling
MUHIDDINOV Mansur,Boxing
MUKAI Mikihiro,Judo
MUKANSANGA Salima,Football
MUNOZ Omar,Wrestling
MURADOV Abdullo,Judo
MURAKAMI Haruhito,Beach Volleyball
MURANAKA Shin,Volleyball
MURATA Tetsuro,Handball
MUSTACCHIO Andrew,Boxing
MYODO Maki,Diving
MYOI Sumie,Volleyball
NACHEVSKI Gjorgji,Handball
NAGAI Yasuyuki,Wrestling
NAIDOO Jennifer,Diving
NAIDOO Jennifer,Water Polo
NAKAGAWA Emi,Boxing
NAKAGAWA Masaki,Volleyball
NAKAMURA Atsuko,Judo
NAKANISHI Koji,Volleyball
NAKATANI Nobuhiko,Taekwondo
NAKAYA Yuji,Beach Volleyball
NAKAZATO Soya,Judo
NAKLAM Karn,Boxing
NARCE Jean-Paul,Diving
NARCE Jean-Paul,Water Polo
NARITOMI Toshihiro,Wrestling
NASIROVA Nigar,Boxing
NASTASE Cristina,Handball
NEDELJKOVIC Leonardo,Wrestling
NEDERHOED Jacobus,Volleyball
NEGISHI Kiyoaki,Beach Volleyball
NEIL Kirsten,Equestrian
NEPOTACHEVA Anna,Diving
NEPOTACHEVA Anna,Water Polo
NESS Kristina,Wrestling
NEUMANN Aleisha,Hockey
NICOLOSI Manuela,Football
NIIZUMA Akiko,Volleyball
NIKOLOV Slave,Handball
NISHIDA Kazuyuki,Judo
NISHIDA Takahiro,Judo
NISHIMURA Noriyuki,Taekwondo
NISHIYAMA Naoyuki,Volleyball
NJOROGE Mary,Football
NOJIMA Yuka,Beach Volleyball
NOJIMA Yuka,Volleyball
NORFORD Michael,Boxing
NOVOTNA Hana,Diving
NOVOTNA Hana,Water Polo
NOVOTNY Jiri,Handball
NUTSUBIDZE Vladimer,Judo
O&amp;#39;NEAL Sonia,Diving
O&amp;#39;NEAL Sonia,Water Polo
OBATA Hiroyuki,Wrestling
OCIC Zvonko,Wrestling
OGATA Shigeo,Diving
OGATA Shigeo,Water Polo
OGAWA Koji,Beach Volleyball
OH Kwang Cheol,Taekwondo
OHKUBO Kazushi,Diving
OHME Frank,Water Polo
OI Yuya,Volleyball
OIKAWA Chiharu,Volleyball
OKABE Tatsumasa,Volleyball
OKAIZUMI Shigeru,Judo
OKIYAMA Isao,Wrestling
OLIVARES PEREZ Wulfren,Boxing
O'NEILL Michelle,Football
ONIGAHARA Shinpei,Volleyball
ONO Masato,Volleyball
ONODA Hirohito,Judo
ORTEGA Kevin,Football
ORUE Michael,Football
OSADA Go,Beach Volleyball
OSAKO Akinobu,Judo
OTGONBAYAR Mandakhbayar,Boxing
OTSU Satoshi,Volleyball
OTSUKA Yuka,Judo
OWASHI Kazuya,Volleyball
PADRON HERNANDEZ Jose Maria,Beach Volleyball
PAKOSTA Marek,Beach Volleyball
PAL Szabolcs,Wrestling
PAOLANTONI Maria Ines,Handball
PAPADOGOULAS Charalampos,Beach Volleyball
PAPADOPOULOS Andreas,Basketball
PAPAZIAN Richard,Diving
PAREDES Guillermo,Volleyball
PARK Hyounggui,Taekwondo
PARKER Corey,Football
PAVICEVIC Ivan,Handball
PAVLOV Roman,Wrestling
PENSO Chris,Football
PERELLO Shirley,Football
PEREZ CANASVERAS Angel Luis,Diving
PERIS Nenad,Water Polo
PETANJEK Davor,Wrestling
PETERSON Gord,Diving
PETR Lubomir,Judo
PETROVIC Stevo,Wrestling
PHATSOANE Souru,Football
PHILIPPOPOULOS Dominique,Diving
PHILIPPOPOULOS Dominique,Water Polo
PICSON Maria Karina,Boxing
PINKER Guy,Diving
PIPER Anke,Diving
PIPER Anke,Water Polo
PIPERSKI CUCIC Vesna,Wrestling
POIGER Roland,Judo
POP Teodor,Judo
POTEC Camelia,Diving
POTEC Camelia,Water Polo
PRANARTA Pranarta,Diving
PRASAD Raghu,Hockey
PRAYER Andrea,Diving
PRAYER Andrea,Water Polo
PRESENQUI Irene,Hockey
PRISTOVAKIN Roman,Beach Volleyball
PUSTOVOITOVA Anastasia,Football
PUTNIKOVIC Vojin,Water Polo
PUTRA POHAN Muhammad Arisa,Boxing
QUELLMALZ Udo,Judo
RACZKOWSKI Pawel,Football
RAFALSKI Katrin,Football
RAILEANU Stefan,Taekwondo
RAK Mladen,Water Polo
RAKHLIN Evgeny,Judo
RALUY LOPEZ Oscar,Handball
RAMAEKERS Jhon,Judo
RAMOS Armando,Basketball
RANGELOVA Eleonora,Basketball
RAO Lang,Diving
RAPISARDA Daniele,Volleyball
RATAJOVA Lucie,Football
RAZNATOVIC Milos,Handball
REICH Gerd,Wrestling
REINER Karl Heinz,Wrestling
REINSHREIBER Roi,Football
REIS Violeta,Diving
RELJIN Jelena,Volleyball
REMIREZ RUIZ Paula,Taekwondo
RENEV Yaroslav,Boxing
REWAY Wagner,Football
RIEXINGER Gotthilf,Equestrian
RIGAMONTI Alberto,Beach Volleyball
RIGAMONTI Alberto,Volleyball
RIMKUS Tomas,Basketball
RINGMARK Magnus,Equestrian
RIVET Maria,Football
ROCHA CHAVEZ Sergio,Diving
RODAK Sanja,Football
RODRIGUES Luis Alexandre,Beach Volleyball
RODRIGUES Luis Alexandre,Volleyball
RODRIGUEZ ALVAREZ Jose,Equestrian
RODRIGUEZ AMADEO Angelique M.,Diving
RODRIGUEZ Jose,Judo
RODRIGUEZ Susana,Volleyball
ROLF Pati,Volleyball
ROSSIER Yves,Equestrian
ROSTRON Annelize,Hockey
RUHEN Carl,Boxing
RUIZ PEDREGUERA Rolando,Diving
RULE Mark,Football
SAAVEDRA CACERES Juan Carlos,Beach Volleyball
SABROSO RAMIREZ Angel,Handball
SAHIN Metin,Taekwondo
SAIDOVA Svitlana,Diving
SAIDOVA Svitlana,Water Polo
SAITO Osamu,Wrestling
SAITO Satoru,Taekwondo
SAKAI Misumi,Beach Volleyball
SAKAMAKI Yusuke,Beach Volleyball
SAKATA Yoshihiro,Diving
SAKURAOKA Tongan,Taekwondo
SALAH Morad,Handball
SALNICHENKO Viktor,Water Polo
SANADA Eisaku,Wrestling
SANCHEZ Armando,Boxing
SANCHEZ IRIZARRY Axel A,Taekwondo
SANCHEZ Jesus,Football
SANKO Barbara,Boxing
SANTAELLA Katiuska,Judo
SANTIAGO Ricardo Jr.,Taekwondo
SANTOS Duarte,Handball
SARUTA Mitsuru,Wrestling
SASAKI Chizuru,Judo
SASAKI Shin,Volleyball
SATOMI Mariko,Beach Volleyball
SAWA Tatsuhiro,Beach Volleyball
SAWADA Kazuki,Taekwondo
SAYIDOV Ramziddin,Judo
SCHAER Gabriela,Basketball
SCHEFFLER Agnieszka,Taekwondo
SCHEINER Vaclav,Wrestling
SCHLEPPS Holger,Diving
SCHNEIDER Jill,Basketball
SCHOTT Lisa,Diving
SCHOTT Lisa,Water Polo
SCHRENK Christopher,Beach Volleyball
SCHULZE Robert,Handball
SEAMAN Kathy,Diving
SEAMAN Kathy,Water Polo
SEEFRIED Mary,Equestrian
SEGURA Jordi,Diving
SEGURA Jordi,Water Polo
SEIFALLAH Hesham,Diving
SEIFALLAH Hesham,Water Polo
SEKINE Takashi,Beach Volleyball
SEKINO Tomohito,Volleyball
SEMBA Shimpei,Handball
SEMBOKUYA Kazunari,Wrestling
SEN Levent,Wrestling
SERVIDE Roberto Fernando,Boxing
SEVERO Alessandro,Water Polo
SHAABAN Mohamed,Taekwondo
SHADGAN Babak,Wrestling
SHAIKH Javed,Hockey
SHARONOV Evgeny,Diving
SHAW William,Diving
SHCHETININ Anton,Football
SHERSHNEV Alexandr,Water Polo
SHIMAJIRI Mariko,Handball
SHIMIZU Satomi,Volleyball
SHIMOHARAI Sho,Handball
SHIMOKUSU Masaya,Judo
SHINAGAWA Kyoko,Volleyball
SHINOZAKI Kazuo,Boxing
SHIOKAWA Kengo,Volleyball
SHIRALIYEV Asif,Wrestling
SHMUELY Aviram,Wrestling
SIMON Radoslav,Boxing
SIMONOVIC Vladimir,Volleyball
SINDEN Jodie,Taekwondo
SINDIC Saso,Judo
SNIUKSTA Gintaras,Boxing
SOARES Paulo,Football
SOERLIE Carsten,Equestrian
SOH Soh Yew Siang,Diving
SOH Soh Yew Siang,Water Polo
SOK David,Handball
SONEZAKI Takeyoshi,Boxing
SOTO Jorge,Diving
SPIEGEL Jeffrey,Wrestling
SPINNICCHIA Marco,Beach Volleyball
SRICHAISAWAT Paiboon,Boxing
STANCU Simona,Handball
STARKOV Andriy,Taekwondo
STAUBLI Esther,Football
STAVRIDIS Georgios,Water Polo
STEINHAUS-WEBB Bibiana,Football
STOJKOVIC Uros,Football
STRILETSKA Maryna,Football
SUEGARA Masaru,Wrestling
SUEHIRO Akito,Diving
SUEHIRO Akito,Water Polo
SUIYENISH Yermek,Boxing
SULEJMANI Maksim,Boxing
SUMAVIL Osvaldo,Beach Volleyball
SUMIMOTO Hideki,Volleyball
SUN Jian,Wrestling
SUNAI Tetsushi,Wrestling
SURL Philip,Equestrian
SUWANNAMAI Thanathorn,Beach Volleyball
SUZARA Ramon,Volleyball
SUZUKI Hidetoshi,Taekwondo
SUZUKI Miho,Volleyball
SUZUKI Toshihide,Wrestling
SZALMA Zoltan,Boxing
SZEKFFY Nora,Diving
SZOKE Andor,Judo
TAKAHASHI Daisuke,Taekwondo
TAKAHASHI Hiroaki,Volleyball
TAKAHASHI Miyuki,Volleyball
TAKAHASHI Yasunobu,Judo
TAKANO Osamu,Volleyball
TAKANO Osamu,Handball
TAKAYAMA Ken,Judo
TAKAZAWA Rie,Volleyball
TAKAZAWA Yoshie,Volleyball
TAKEZAWA Takuto,Beach Volleyball
TANAKA Hideto,Wrestling
TANEMOTO Keiko,Volleyball
TANG Mae Chen,Diving
TANG Mae Chen,Water Polo
TARAN Nicolas,Football
TASAKI Sosuke,Boxing
TAYLOR Simon,Hockey
TEIXEIRA Tullio,Beach Volleyball
TEIXIDO BERMUDEZ Jaume,Water Polo
TERANISHI Yukimitsu,Beach Volleyball
TERAZAWA Atsushi,Wrestling
TERRILLI Fernando,Diving
TERRILLI Fernando,Water Polo
TESHIROGI Naomi,Football
TEUSCHER Gabriela,Equestrian
THAMPU Nelka Shiromala,Boxing
THAULI Harveen,Equestrian
THIELENHAUS Andrea,Diving
THIELENHAUS Andrea,Water Polo
THIVAIOU Maria,Diving
THIVAIOU Maria,Water Polo
THOMSON Mike,Basketball
TIMBA Majore,Volleyball
TITOV Sergey,Volleyball
TODA Koki,Volleyball
TOGAWA Taisuke,Volleyball
TOHYAMA Tomohiro,Volleyball
TOMITA Taku,Handball
TOMLINSON David,Hockey
TOMONO Soomi,Taekwondo
TONNIES Tobias,Handball
TORAZAWA Yoshitaka,Volleyball
TORO MARTINEZ Morgan,Diving
TORO MARTINEZ Morgan,Water Polo
TORREALBA Lubin,Football
TOTSUKA Akira,Volleyball
TOULOUDIS Nikolaos,Diving
TRAI Belkacem,Wrestling
TRINIDAD Richard,Football
TROTTIER Andre,Beach Volleyball
TSERENKHAND Tsogtgerel,Boxing
TSUJI Tomoyuki,Beach Volleyball
TSUMURA Kozo,Judo
TSUTSUI Minoru,Wrestling
TSUZAKI Asumi,Water Polo
TSYLENTS Valery,Wrestling
TURBAT Enkhtsetseg,Judo
TURCI Paulo,Volleyball
TURNER Tracy,Equestrian
TUTTON Steve,Beach Volleyball
UCHIDA Kazuo,Volleyball
UEHARA Shinnosuke,Volleyball
UFITIMANA Samuel,Diving
UFITIMANA Samuel,Water Polo
UGAWA Nao,Beach Volleyball
UMEZAWA Masato,Handball
USUI Ken,Handball
VACHUN Michal,Judo
VALENZUELA Jesus,Football
VALKOV Diyan,Football
van BUNGE Coen,Hockey
van DAELE Jacques,Equestrian
van den HOOGENBAND Cees,Diving
van den HOOGENBAND Cees,Water Polo
van der VOORT Ronald,Diving
VAQUERA Alejandro,Basketball
VARDANYAN Avetik,Wrestling
VARELA Santiago,Equestrian
VARVODIC Josip,Diving
VARVODIC Josip,Water Polo
VASYLYNCHUK Pavlo,Boxing
VAZQUEZ CALERO Wilfredo,Boxing
VAZQUEZ Francisco,Hockey
VENEGAS Lucila,Football
VERBEEK Francis,Equestrian
VEYRAT Emmanuel,Wrestling
VIDOT Aurelie,Basketball
VIGLIANO Mauro,Football
VILARINO Manuel,Boxing
VILLARREAL Angel Luis,Boxing
VILLAS-BOAS Maria Amelia,Beach Volleyball
VILLET Charles,Wrestling
VOEVODIN Arkadiy,Water Polo
VYAS Mayur Jansukhlal,Diving
WAH Eric,Taekwondo
WAITH John,Boxing
WALDOW John,Water Polo
WANG Lijun,Beach Volleyball
WANG Xinzhai,Diving
WANG Xinzhai,Water Polo
WANGLER Marcelo,Beach Volleyball
WATANABE Akiko,Volleyball
WATANABE Chie,Volleyball
WATANABE Haruka,Wrestling
WATANABE Nahoko,Volleyball
WATANABE Takashi,Judo
WATANABE Tatsuya,Handball
WATANABE Yokichi,Wrestling
WENGENROTH MARTINELLI Ursula,Water Polo
WEST John,Diving
WEST John,Water Polo
WETTERWIK Mattias,Handball
WEYESA Bamlaku Tessema,Football
WILLIS Dion,Water Polo
WILSON Sarah,Hockey
WRIGHT Lisa,Diving
WRIGHT Peter,Hockey
WU Yu Ting,Taekwondo
WUEST Katrina,Equestrian
YADA Yoshiaki,Beach Volleyball
YAHAGI Takanori,Diving
YAHIA CHERIF Mohammed,Diving
YAHIA CHERIF Mohammed,Water Polo
YAMADA Emi,Hockey
YAMAGISHI Yuji,Judo
YAMAGUCHI Shigeo,Handball
YAMAMOTO Masayasu,Beach Volleyball
YAMASAKI Kimihiro,Beach Volleyball
YAMASHITA Akira,Volleyball
YAMASHITA Tomonori,Handball
YAMASHITA Yoshimi,Football
YANAGI Kazuhiro,Taekwondo
YANO Hiroyuki,Volleyball
YARKONI Idan,Football
YASUDA Yuji,Volleyball
YILMAZ Mehmet,Judo
YOKOSUKA Takayuki,Volleyball
YOSHIDA Masumi,Volleyball
YOSHIDA Toshio,Judo
YOSHIDA Yudai,Handball
YOSHIMOTO Osamu,Wrestling
YOSHIOKA Nana,Volleyball
YOSHITANI Yusuke,Beach Volleyball
YOUNES Walid,Taekwondo
YUAN Haoran,Diving
YUAN Haoran,Water Polo
YUCEL Mehmet Gurhan,Wrestling
ZAHONYI Tamas,Judo
ZALESKI Carol,Diving
ZALESKI Carol,Water Polo
ZAMPIERI Marco,Diving
ZEEGELAAR Zachari,Football
ZHANG Guo,Boxing
ZHANG Liang,Water Polo
ZHAO Qi,Diving
ZHOU Jihong,Diving
ZHU Linfang,Taekwondo
ZINGER Edward,Wrestling
ZOURAK Adil,Football
ZWART Michiel,Water Polo
ZWI Noam,Diving
ZWI Noam,Water Polo
